Name,DoB,Age,Height,Weight,BMI,Reach,HR_Ratio,Style,City,Country,From,Trains
Jim Miller,1983-08-30,35,68,155,23.565095155709344,71.0,1.0441176470588236,Southpaw,Sparta,NJ,"Sparta, NJ","Sparta, NJ"
Michael Bisping,1979-02-28,39,73,185,24.405141677613067,75.5,1.0342465753424657,Orthodox,Manchester,GBR,"Manchester, GBR","Manchester, GBR"
Donald Cerrone,1983-03-29,35,73,170,22.426346406455245,73.0,1.0,Orthodox,Denver,CO,"Denver, CO","Denver, CO"
Jeremy Stephens,1986-05-25,32,68,145,22.044766435986162,71.0,1.0441176470588236,Orthodox,Des Moines,IA,"Des Moines, IA","Des Moines, IA"
Demian Maia,1977-11-06,41,73,170,22.426346406455245,72.0,0.9863013698630136,Southpaw,Sao Paulo,BRA,"Sao Paulo, BRA","Sao Paulo, SP"
Diego Sanchez,1981-12-31,36,70,170,24.38979591836735,72.0,1.0285714285714285,Southpaw,Albuquerque,NM,"Albuquerque, NM","Albuquerque, NM"
Gleison Tibau,1983-10-07,35,70,155,22.23775510204081,71.0,1.0142857142857142,Southpaw,Tibau,BRA,"Tibau, BRA","Tibau, RN"
Andrei Arlovski,1979-02-04,39,75,240,29.99466666666667,77.0,1.0266666666666666,Orthodox,Chicago,IL,"Chicago, IL","Chicago, IL"
Thiago Alves,1983-10-03,35,69,170,25.101869355177485,70.0,1.0144927536231885,Orthodox,Coconut Creek,FL,"Coconut Creek, FL","Coconut Creek, FL"
Matt Brown,1981-01-10,37,72,170,23.053626543209877,75.0,1.0416666666666667,Orthodox,Columbus,OH,"Columbus, OH","Columbus, OH"
Frank Mir,1979-05-24,39,75,264,32.99413333333333,79.0,1.0533333333333332,Southpaw,Las Vegas,NV,"Las Vegas, NV","Las Vegas, NV"
BJ Penn,1978-12-13,40,69,155,22.88699852972065,70.0,1.0144927536231885,Orthodox,Hilo,HI,"Hilo, HI","Hilo, HI"
Vitor Belfort,1977-04-01,41,72,185,25.087770061728396,74.0,1.0277777777777777,Southpaw,Rio de Janeiro,BRA,"Rio de Janeiro, BRA","Rio de Janeiro, RJ"
Rafael Dos Anjos,1984-10-26,34,68,170,25.845588235294123,70.0,1.0294117647058822,Southpaw,Rio de Janeiro,BRA,"Rio de Janeiro, BRA","Rio de Janeiro, RJ"
Frankie Edgar,1981-10-16,37,66,145,23.401056014692372,68.0,1.0303030303030305,Orthodox,Toms River,NJ,"Toms River, NJ","Toms River, NJ"
Clay Guida,1981-12-08,37,67,155,24.27378035197148,70.0,1.044776119402985,Orthodox,Johnsburg,IL,"Johnsburg, IL","Johnsburg, IL"
Joe Lauzon,1984-05-22,34,70,155,22.23775510204081,71.3,1.0185714285714285,Orthodox,Bridgewater,MA,"Bridgewater, MA","Bridgewater, MA"
Ross Pearson,1984-09-26,34,68,155,23.565095155709344,69.0,1.0147058823529411,Orthodox,Sunderland,GBR,"Sunderland, GBR","Sunderland, GBR"
Anderson Silva,1975-04-14,43,74,185,23.75,77.5,1.0472972972972974,Southpaw,Curitiba,BRA,"Curitiba, BRA","Curitiba, PR"
Tim Boetsch,1981-01-28,37,72,185,25.087770061728396,74.0,1.0277777777777777,Orthodox,Lincolnville,ME,"Lincolnville, ME","Lincolnville, ME"
Nate Diaz,1985-04-16,33,72,170,23.053626543209877,76.0,1.0555555555555556,Southpaw,Stockton,CA,"Stockton, CA","Stockton, CA"
Rashad Evans,1979-09-25,39,72,205,27.79996141975309,75.0,1.0416666666666667,Orthodox,Chicago,IL,"Chicago, IL","Chicago, IL"
Evan Dunham,1981-12-18,37,70,155,22.23775510204081,70.0,1.0,Southpaw,Las Vegas,NV,"Las Vegas, NV","Las Vegas, NV"
Nik Lentz,1984-08-13,34,68,155,23.565095155709344,68.0,1.0,Orthodox,Coconut Creek,FL,"Coconut Creek, FL","Coconut Creek, FL"
Charles Oliveira,1989-10-17,29,70,155,22.23775510204081,74.0,1.0571428571428572,Orthodox,Sao Paulo,BRA,"Sao Paulo, BRA","Sao Paulo, SP"
Dennis Siver,1979-01-13,39,66,145,23.401056014692372,70.0,1.0606060606060606,Orthodox,Mannheim,DEU,"Mannheim, DEU","Mannheim, BW"
Georges St-Pierre,1981-05-19,37,71,185,25.799444554651853,76.0,1.0704225352112675,Orthodox,Montreal,PQ,"Montreal, PQ","Montreal, PQ"
Jake Ellenberger,1985-03-28,33,69,170,25.101869355177485,71.5,1.036231884057971,Orthodox,Omaha,NE,"Omaha, NE","Omaha, NE"
Johny Hendricks,1983-09-12,35,69,185,27.316740180634323,69.0,1.0,Southpaw,Fort Worth,TX,"Fort Worth, TX","Fort Worth, TX"
Ed Herman,1980-10-02,38,73,205,27.043535372490147,77.0,1.0547945205479452,Orthodox,Portland,OR,"Portland, OR","Portland, OR"
Michael Johnson,1986-06-04,32,70,145,20.803061224489795,73.5,1.05,Southpaw,St. Louis,MO,"St. Louis, MO","St. Louis, MO"
Thales Leites,1981-09-06,37,73,185,24.405141677613067,78.0,1.0684931506849316,Orthodox,Rio de Janeiro,BRA,"Rio de Janeiro, BRA","Rio de Janeiro, RJ"
Neil Magny,1987-08-03,31,75,170,21.246222222222226,80.0,1.0666666666666669,Orthodox,Denver,CO,"Denver, CO","Denver, CO"
Dustin Poirier,1989-01-19,29,69,155,22.88699852972065,72.0,1.0434782608695652,Southpaw,Lafayette,LA,"Lafayette, LA","Lafayette, LA"
Mauricio Rua,1981-11-25,37,73,205,27.043535372490147,76.0,1.0410958904109588,Orthodox,Curitiba,BRA,"Curitiba, BRA","Curitiba, PR"
Stefan Struve,1988-02-18,30,83,265,27.042386413122372,84.5,1.0180722891566265,Orthodox,Beverwijk,NLD,"Beverwijk, NLD","Beverwijk, NLD"
Yushin Okami,1981-07-21,37,74,170,21.824324324324326,75.0,1.0135135135135136,Southpaw,Kawasaki,JPN,"Kawasaki, JPN","Kawasaki, JPN"
Edson Barboza,1986-01-21,32,71,155,21.61575084308669,75.0,1.056338028169014,Orthodox,Nova Friburgo,BRA,"Nova Friburgo, BRA","Nova Friburgo, RJ"
Alex Caceres,1988-06-20,30,70,145,20.803061224489795,73.5,1.05,Southpaw,Miami,FL,"Miami, FL","Miami, FL"
Chris Camozzi,1986-11-20,32,74,185,23.75,76.5,1.0337837837837838,Orthodox,Lakewood,CO,"Lakewood, CO","Lakewood, CO"
CB Dollaway,1983-08-10,35,74,185,23.75,76.0,1.027027027027027,Orthodox,Tempe,AZ,"Tempe, AZ","Tempe, AZ"
Darren Elkins,1984-05-16,34,70,145,20.803061224489795,71.0,1.0142857142857142,Orthodox,Portage,IN,"Portage, IN","Portage, IN"
Max Holloway,1991-12-04,27,71,145,20.221186272564967,69.0,0.9718309859154929,Orthodox,Waianae,HI,"Waianae, HI","Waianae, HI"
Jon Jones,1987-07-19,31,76,205,24.95065789473684,84.5,1.111842105263158,Orthodox,Endicott,NY,"Endicott, NY","Endicott, NY"
Dong Hyun Kim,1981-11-17,37,74,170,21.824324324324326,76.0,1.027027027027027,Southpaw,Busan,KOR,"Busan, KOR","Busan, KOR"
Robbie Lawler,1982-03-20,36,71,170,23.70759769886927,74.0,1.0422535211267605,Southpaw,Coconut Creek,FL,"Coconut Creek, FL","Coconut Creek, FL"
Gray Maynard,1979-05-09,39,69,155,22.88699852972065,70.0,1.0144927536231885,Orthodox,Las Vegas,NV,"Las Vegas, NV","Las Vegas, NV"
Mark Hunt,1974-03-23,44,70,265,38.019387755102045,72.0,1.0285714285714285,Orthodox,Sydney,AUS,"Sydney, AUS","Sydney, NSW"
Roy Nelson,1976-06-20,42,72,263,35.665316358024704,72.0,1.0,Orthodox,Las Vegas,NV,"Las Vegas, NV","Las Vegas, NV"
Mike Pyle,1975-09-18,43,72,170,23.053626543209877,74.0,1.0277777777777777,Orthodox,Las Vegas,NV,"Las Vegas, NV","Las Vegas, NV"
Tim Means,1984-02-20,34,74,170,21.824324324324326,75.0,1.0135135135135136,Orthodox,Albuquerque,NM,"Albuquerque, NM","Albuquerque, NM"
Iuri Alcantara,1980-08-04,38,69,135,19.93383742911153,71.0,1.0289855072463767,Southpaw,Soure,BRA,"Soure, BRA","Soure, PA"
Junior Dos Santos,1984-01-30,34,76,238,28.967105263157894,77.0,1.013157894736842,Orthodox,Salvador,BRA,"Salvador, BRA","Salvador, BA"
Demetrious Johnson,1986-08-13,32,63,125,22.140337616528093,66.0,1.0476190476190477,Orthodox,Parkland,WA,"Parkland, WA","Parkland, WA"
Ovince Saint Preux,1983-04-08,35,75,205,25.620444444444445,80.0,1.0666666666666669,Southpaw,Knoxville,TN,"Knoxville, TN","Knoxville, TN"
Francisco Trinaldo,1978-08-24,40,69,155,22.88699852972065,70.0,1.0144927536231885,Southpaw,Brasilia,BRA,"Brasilia, BRA","Brasilia, DF"
Ben Saunders,1983-04-13,35,74,170,21.824324324324326,77.5,1.0472972972972974,Orthodox,Orlando,FL,"Orlando, FL","Orlando, FL"
Joseph Benavidez,1984-07-31,34,64,125,21.453857421875,65.0,1.015625,Southpaw,Las Cruces,NM,"Las Cruces, NM","Las Cruces, NM"
Travis Browne,1982-07-17,36,78,255,29.464990138067066,79.0,1.0128205128205128,Orthodox,San Diego,CA,"San Diego, CA","San Diego, CA"
TJ Dillashaw,1986-02-07,32,66,135,21.787190082644628,67.0,1.0151515151515151,Orthodox,Angels Camp,CA,"Angels Camp, CA","Angels Camp, CA"
Rafael Natal,1982-12-25,36,72,185,25.087770061728396,76.0,1.0555555555555556,Orthodox,Belo Horizonte,BRA,"Belo Horizonte, BRA","Belo Horizonte, MG"
Thiago Santos,1984-01-07,34,74,205,26.317567567567572,76.0,1.027027027027027,Orthodox,Rio de Janeiro,BRA,"Rio de Janeiro, BRA","Rio de Janeiro, RJ"
Brad Tavares,1987-12-21,31,73,185,24.405141677613067,74.0,1.0136986301369864,Orthodox,Kailua,HI,"Kailua, HI","Kailua, HI"
Glover Teixeira,1979-10-28,39,74,205,26.317567567567572,76.0,1.027027027027027,Orthodox,Danbury,CT,"Danbury, CT","Danbury, CT"
Sam Alvey,1986-05-06,32,74,205,26.317567567567572,75.5,1.0202702702702702,Southpaw,Temecula,CA,"Temecula, CA","Temecula, CA"
Renan Barao,1987-01-31,31,66,135,21.787190082644628,70.0,1.0606060606060606,Orthodox,Rio de Janeiro,BRA,"Rio de Janeiro, BRA","Rio de Janeiro, RJ"
Dennis Bermudez,1986-12-13,32,66,145,23.401056014692372,66.0,1.0,Orthodox,Lindenhurst,NY,"Lindenhurst, NY","Lindenhurst, NY"
Carlos Condit,1984-04-26,34,74,170,21.824324324324326,75.5,1.0202702702702702,Orthodox,Albuquerque,NM,"Albuquerque, NM","Albuquerque, NM"
Tony Ferguson,1984-02-12,34,71,155,21.61575084308669,76.5,1.0774647887323945,Orthodox,Orange County,CA,"Orange County, CA","Orange County, CA"
Kelvin Gastelum,1991-10-24,27,69,185,27.316740180634323,71.5,1.036231884057971,Southpaw,Huntington Beach,CA,"Huntington Beach, CA","Huntington Beach, CA"
Bobby Green,1986-09-09,32,70,155,22.23775510204081,71.0,1.0142857142857142,Orthodox,Fontana,CA,"Fontana, CA","Fontana, CA"
Alexander Gustafsson,1987-01-15,31,77,205,24.30679709900489,79.0,1.025974025974026,Orthodox,Stockholm,SWE,"Stockholm, SWE","Stockholm, SWE"
Derrick Lewis,1985-02-07,33,75,260,32.49422222222222,79.0,1.0533333333333332,Orthodox,Houston,TX,"Houston, TX","Houston, TX"
John Lineker,1990-06-12,28,63,135,23.911564625850342,67.0,1.0634920634920637,Orthodox,Paranagua,BRA,"Paranagua, BRA","Paranagua, PR"
John Makdessi,1985-05-03,33,68,155,23.565095155709344,68.0,1.0,Orthodox,Montreal,PQ,"Montreal, PQ","Montreal, PQ"
Jorge Masvidal,1984-11-12,34,71,170,23.70759769886927,74.0,1.0422535211267605,Orthodox,Miami,FL,"Miami, FL","Miami, FL"
Anthony Pettis,1987-01-27,31,70,155,22.23775510204081,72.5,1.0357142857142858,Orthodox,Milwaukee,WI,"Milwaukee, WI","Milwaukee, WI"
Cub Swanson,1983-11-02,35,68,145,22.044766435986162,70.0,1.0294117647058822,Orthodox,Palm Springs,CA,"Palm Springs, CA","Palm Springs, CA"
Fabricio Werdum,1977-07-30,41,76,231,28.115131578947373,77.0,1.013157894736842,Orthodox,Porto Alegre,BRA,"Porto Alegre, BRA","Porto Alegre, RS"
Matt Wiman,1983-09-19,35,70,155,22.23775510204081,68.0,0.9714285714285714,Orthodox,Portland,OR,"Portland, OR","Portland, OR"
Rani Yahya,1984-09-12,34,66,135,21.787190082644628,67.0,1.0151515151515151,Orthodox,Brasilia,BRA,"Brasilia, BRA","Brasilia, DF"
Derek Brunson,1984-01-04,34,73,185,24.405141677613067,77.0,1.0547945205479452,Southpaw,Wilmington,NC,"Wilmington, NC","Wilmington, NC"
Beneil Dariush,1989-05-06,29,70,155,22.23775510204081,72.0,1.0285714285714285,Southpaw,Yorba Linda,CA,"Yorba Linda, CA","Yorba Linda, CA"
Ricardo Lamas,1982-05-21,36,68,145,22.044766435986162,71.0,1.0441176470588236,Orthodox,Chicago,IL,"Chicago, IL","Chicago, IL"
Yancy Medeiros,1987-09-07,31,70,170,24.38979591836735,75.5,1.0785714285714283,Orthodox,Makaha,HI,"Makaha, HI","Makaha, HI"
Stipe Miocic,1982-08-19,36,76,240,29.210526315789476,80.0,1.0526315789473684,Orthodox,Independence,OH,"Independence, OH","Independence, OH"
John Moraga,1984-03-20,34,66,125,20.17332415059688,66.0,1.0,Orthodox,Phoenix,AZ,"Phoenix, AZ","Phoenix, AZ"
Alistair Overeem,1980-05-17,38,76,265,32.25328947368421,80.0,1.0526315789473684,Orthodox,Amsterdam,NLD,"Amsterdam, NLD","Amsterdam, NLD"
Erick Silva,1984-06-21,34,72,170,23.053626543209877,74.0,1.0277777777777777,Orthodox,Vila Velha,BRA,"Vila Velha, BRA","Vila Velha, ES"
Cain Velasquez,1982-07-28,36,73,240,31.660724338525053,77.0,1.0547945205479452,Orthodox,San Jose,CA,"San Jose, CA","San Jose, CA"
Chris Weidman,1984-06-17,34,74,185,23.75,78.0,1.054054054054054,Orthodox,Baldwin,NY,"Baldwin, NY","Baldwin, NY"
Robert Whittaker,1990-12-20,28,72,185,25.087770061728396,73.5,1.0208333333333333,Orthodox,Sydney,AUS,"Sydney, AUS","Sydney, NSW"
Jose Aldo,1986-09-09,32,67,145,22.707730006683008,70.0,1.044776119402985,Orthodox,Rio de Janeiro,BRA,"Rio de Janeiro, BRA","Rio de Janeiro, RJ"
Jessica Andrade,1991-09-25,27,61,115,21.726686374630475,62.0,1.0163934426229508,Orthodox,Niteroi,BRA,"Niteroi, BRA","Niteroi, RJ"
Raphael Assuncao,1982-07-19,36,65,135,22.46272189349112,66.5,1.023076923076923,Orthodox,Recife,BRA,"Recife, BRA","Recife, PE"
Daniel Cormier,1979-03-20,39,71,235,32.772267407260465,72.5,1.0211267605633805,Orthodox,San Jose,CA,"San Jose, CA","San Jose, CA"
Patrick Cummins,1980-11-16,38,74,205,26.317567567567572,76.5,1.0337837837837838,Orthodox,San Diego,CA,"San Diego, CA","San Diego, CA"
John Dodson,1984-09-26,34,63,135,23.911564625850342,66.0,1.0476190476190477,Orthodox,Albuquerque,NM,"Albuquerque, NM","Albuquerque, NM"
Cezar Ferreira,1985-02-15,33,73,185,24.405141677613067,78.5,1.0753424657534247,Southpaw,Ibitinga,BRA,"Ibitinga, BRA","Ibitinga, SP"
Andre Fili,1990-06-25,28,71,145,20.221186272564967,74.0,1.0422535211267605,Orthodox,Sacramento,CA,"Sacramento, CA","Sacramento, CA"
Uriah Hall,1984-07-31,34,72,185,25.087770061728396,79.5,1.1041666666666667,Orthodox,Queens,NY,"Queens, NY","Queens, NY"
Al Iaquinta,1987-04-30,31,69,155,22.88699852972065,70.0,1.0144927536231885,Orthodox,Wantagh,NY,"Wantagh, NY","Wantagh, NY"
Rustam Khabilov,1986-11-04,32,68,155,23.565095155709344,73.0,1.0735294117647058,Orthodox,Derbent,RUS,"Derbent, RUS","Derbent, RUS"
Kevin Lee,1992-09-04,26,69,155,22.88699852972065,77.0,1.115942028985507,Orthodox,Detroit,MI,"Detroit, MI","Detroit, MI"
Hector Lombard,1978-02-02,40,69,185,27.316740180634323,71.0,1.0289855072463767,Southpaw,Matanzas,CUB,"Matanzas, CUB","Matanzas, CUB"
Court McGee,1984-12-12,34,71,170,23.70759769886927,75.5,1.0633802816901408,Orthodox,Orem,UT,"Orem, UT","Orem, UT"
Chad Mendes,1985-05-01,33,66,145,23.401056014692372,66.0,1.0,Orthodox,Sacramento,CA,"Sacramento, CA","Sacramento, CA"
Sergio Pettis,1993-08-18,25,66,135,21.787190082644628,69.0,1.0454545454545454,Orthodox,Milwaukee,WI,"Milwaukee, WI","Milwaukee, WI"
Trevor Smith,1981-01-05,37,75,185,23.12088888888889,75.0,1.0,Orthodox,Tukwila,WA,"Tukwila, WA","Tukwila, WA"
Abel Trujillo,1983-09-18,35,68,155,23.565095155709344,70.0,1.0294117647058822,Orthodox,Boca Raton,FL,"Boca Raton, FL","Boca Raton, FL"
Gian Villante,1985-08-18,33,75,205,25.620444444444445,76.0,1.0133333333333334,Orthodox,Bellmore,NY,"Bellmore, NY","Bellmore, NY"
Nick Diaz,1983-08-02,35,73,185,24.405141677613067,76.0,1.0410958904109588,Southpaw,Stockton,CA,"Stockton, CA","Stockton, CA"
Alex Oliveira,1988-02-21,30,71,170,23.70759769886927,76.5,1.0774647887323945,Orthodox,Tres Rios,BRA,"Tres Rios, BRA","Tres Rios, RJ"
Felipe Arantes,1988-02-09,30,68,135,20.524437716262977,73.0,1.0735294117647058,Orthodox,Sao Paulo,BRA,"Sao Paulo, BRA","Sao Paulo, SP"
Michael Chiesa,1987-12-07,31,73,170,22.426346406455245,75.5,1.0342465753424657,Southpaw,Spokane Valley,WA,"Spokane Valley, WA","Spokane Valley, WA"
Jussier Formiga,1985-04-14,33,65,125,20.798816568047336,67.0,1.0307692307692309,Orthodox,Natal,BRA,"Natal, BRA","Natal, RN"
Takanori Gomi,1978-09-22,40,67,155,24.27378035197148,70.0,1.044776119402985,Southpaw,Tokyo,JPN,"Tokyo, JPN","Tokyo, JPN"
Myles Jury,1988-10-31,30,70,145,20.803061224489795,73.0,1.042857142857143,Orthodox,Hazel Park,MI,"Hazel Park, MI","Hazel Park, MI"
Erik Koch,1988-10-04,30,70,155,22.23775510204081,71.5,1.0214285714285714,Southpaw,Milwaukee,WI,"Milwaukee, WI","Milwaukee, WI"
Jimi Manuwa,1980-02-18,38,73,205,27.043535372490147,79.5,1.0890410958904109,Orthodox,London,GBR,"London, GBR","London, GBR"
Gunnar Nelson,1988-07-28,30,71,170,23.70759769886927,72.0,1.0140845070422535,Switch,Reykjavik,ISL,"Reykjavik, ISL","Reykjavik, ISL"
Khabib Nurmagomedov,1988-09-20,30,70,155,22.23775510204081,70.0,1.0,Orthodox,Makhachkala,RUS,"Makhachkala, RUS","Makhachkala, RUS"
Dustin Ortiz,1988-12-25,30,65,125,20.798816568047336,65.0,1.0,Orthodox,Franklin,TN,"Franklin, TN","Franklin, TN"
Igor Pokrajac,1979-01-02,39,72,205,27.79996141975309,76.0,1.0555555555555556,Orthodox,Zagreb,HRV,"Zagreb, HRV","Zagreb, HRV"
Santiago Ponzinibbio,1986-09-26,32,72,170,23.053626543209877,73.0,1.0138888888888888,Orthodox,Coconut Creek,FL,"Coconut Creek, FL","Coconut Creek, FL"
Jacare Souza,1979-12-07,39,73,185,24.405141677613067,72.0,0.9863013698630136,Orthodox,Rio de Janeiro,BRA,"Rio de Janeiro, BRA","Rio de Janeiro, RJ"
Stephen Thompson,1983-02-11,35,72,170,23.053626543209877,75.0,1.0416666666666667,Orthodox,Simpsonville,SC,"Simpsonville, SC","Simpsonville, SC"
Corey Anderson,1989-09-22,29,75,205,25.620444444444445,79.0,1.0533333333333332,Orthodox,Rockton,IL,"Rockton, IL","Rockton, IL"
Paul Felder,1984-04-25,34,71,170,23.70759769886927,70.5,0.9929577464788732,Orthodox,Philadelphia,PA,"Philadelphia, PA","Philadelphia, PA"
Krzysztof Jotko,1989-08-19,29,73,185,24.405141677613067,77.0,1.0547945205479452,Southpaw,Orneta,POL,"Orneta, POL","Orneta, POL"
Ryan LaFlare,1983-10-01,35,73,170,22.426346406455245,74.0,1.0136986301369864,Southpaw,Farmingdale,NY,"Farmingdale, NY","Farmingdale, NY"
Ilir Latifi,1983-07-28,35,70,205,29.411224489795924,73.5,1.05,Orthodox,Malmo,SWE,"Malmo, SWE","Malmo, SWE"
Tom Lawlor,1983-05-15,35,72,205,27.79996141975309,74.0,1.0277777777777777,Southpaw,Las Vegas,NV,"Las Vegas, NV","Las Vegas, NV"
Anthony Rocco Martin,1989-12-11,29,72,170,23.053626543209877,73.5,1.0208333333333333,Orthodox,Coconut Creek,FL,"Coconut Creek, FL","Coconut Creek, FL"
Sergio Moraes,1982-07-23,36,72,170,23.053626543209877,72.0,1.0,Orthodox,Curitiba,BRA,"Curitiba, BRA","Curitiba, PR"
Michel Prazeres,1981-07-25,37,66,170,27.435720844811755,67.5,1.0227272727272727,Orthodox,Belem,BRA,"Belem, BRA","Belem, PA"
Wilson Reis,1985-01-06,33,64,125,21.453857421875,65.0,1.015625,Southpaw,Sao Paulo,BRA,"Sao Paulo, BRA","Sao Paulo, SP"
Yoel Romero,1977-04-30,41,72,185,25.087770061728396,73.5,1.0208333333333333,Southpaw,Pinar del Rio,CUB,"Pinar del Rio, CUB","Pinar del Rio, CUB"
Aljamain Sterling,1989-07-31,29,67,135,21.14167966139452,71.0,1.0597014925373134,Orthodox,Uniondale,NY,"Uniondale, NY","Uniondale, NY"
James Vick,1987-02-23,31,75,155,19.37155555555556,76.0,1.0133333333333334,Orthodox,Fort Worth,TX,"Fort Worth, TX","Fort Worth, TX"
Eddie Wineland,1984-06-26,34,67,135,21.14167966139452,69.0,1.0298507462686568,Orthodox,Chesterton,IN,"Chesterton, IN","Chesterton, IN"
Tyron Woodley,1982-04-07,36,69,170,25.101869355177485,74.0,1.072463768115942,Orthodox,St. Louis,MO,"St. Louis, MO","St. Louis, MO"
Jake Matthews,1994-08-19,24,71,170,23.70759769886927,73.0,1.028169014084507,Orthodox,Epping,AUS,"Epping, AUS","Epping, VIC"
Joanna Jedrzejczyk,1987-08-18,31,66,125,20.17332415059688,65.5,0.9924242424242424,Orthodox,Olsztyn,POL,"Olsztyn, POL","Olsztyn, POL"
Alan Jouban,1981-11-25,37,72,170,23.053626543209877,73.5,1.0208333333333333,Southpaw,Lafayette,LA,"Lafayette, LA","Lafayette, LA"
Jan Blachowicz,1983-02-24,35,74,205,26.317567567567572,78.0,1.054054054054054,Orthodox,Warsaw,POL,"Warsaw, POL","Warsaw, POL"
Bryan Caraway,1984-08-04,34,68,135,20.524437716262977,68.0,1.0,Orthodox,Las Vegas,NV,"Las Vegas, NV","Las Vegas, NV"
Liz Carmouche,1984-02-19,34,66,125,20.17332415059688,66.0,1.0,Orthodox,San Diego,CA,"San Diego, CA","San Diego, CA"
Drew Dober,1988-10-19,30,68,170,25.845588235294123,70.0,1.0294117647058822,Southpaw,Omaha,NE,"Omaha, NE","Omaha, NE"
Jessica Eye,1986-07-27,32,66,125,20.17332415059688,66.0,1.0,Orthodox,Cleveland,OH,"Cleveland, OH","Cleveland, OH"
Alex Garcia,1987-07-14,31,69,170,25.101869355177485,72.0,1.0434782608695652,Orthodox,Santiago,DOM,"Santiago, DOM","Santiago, DOM"
Walt Harris,1983-06-10,35,77,250,29.642435486591328,77.0,1.0,Southpaw,Birmingham,AL,"Birmingham, AL","Birmingham, AL"
James Krause,1986-06-04,32,74,170,21.824324324324326,73.5,0.9932432432432432,Orthodox,Lee's Summit,MO,"Lee's Summit, MO","Lee's Summit, MO"
Conor McGregor,1988-07-14,30,69,155,22.88699852972065,74.0,1.072463768115942,Southpaw,Dublin,IRL,"Dublin, IRL","Dublin, IRL"
Pedro Munhoz,1986-09-07,32,66,135,21.787190082644628,64.5,0.9772727272727272,Orthodox,Sao Paulo,BRA,"Sao Paulo, BRA","Sao Paulo, SP"
Amanda Nunes,1988-05-30,30,68,145,22.044766435986162,69.0,1.0147058823529411,Orthodox,Salvador,BRA,"Salvador, BRA","Salvador, BA"
Godofredo Pepey,1987-07-02,31,67,145,22.707730006683008,73.5,1.0970149253731345,Orthodox,Fortaleza,BRA,"Fortaleza, BRA","Fortaleza, CE"
Ben Rothwell,1981-10-17,37,76,265,32.25328947368421,78.5,1.0328947368421053,Orthodox,Kenosha,WI,"Kenosha, WI","Kenosha, WI"
Louis Smolka,1991-07-16,27,69,125,18.457256878806973,68.5,0.9927536231884058,Orthodox,Kapolei,HI,"Kapolei, HI","Kapolei, HI"
Peter Sobotta,1987-01-11,31,72,170,23.053626543209877,75.0,1.0416666666666667,Southpaw,Balingen,DEU,"Balingen, DEU","Balingen, BW"
Olivier Aubin-Mercier,1989-02-23,29,69,155,22.88699852972065,70.5,1.0217391304347827,Southpaw,Montreal,PQ,"Montreal, PQ","Montreal, PQ"
Nordine Taleb,1981-06-10,37,73,170,22.426346406455245,74.5,1.0205479452054795,Orthodox,Montreal,PQ,"Montreal, PQ","Montreal, PQ"
Antonio Carlos Junior,1990-03-16,28,74,185,23.75,79.0,1.0675675675675675,Orthodox,Joao Pessoa,BRA,"Joao Pessoa, BRA","Joao Pessoa, PB"
Anthony Hamilton,1980-04-14,38,77,260,30.828132906054982,76.0,0.987012987012987,Orthodox,Albuquerque,NM,"Albuquerque, NM","Albuquerque, NM"
Dan Hooker,1990-02-13,28,72,155,21.01948302469136,75.0,1.0416666666666667,Switch,Auckland,NZL,"Auckland, NZL","Auckland, NZL"
Bryan Barberena,1989-05-03,29,72,170,23.053626543209877,72.5,1.0069444444444444,Southpaw,Glendale,AZ,"Glendale, AZ","Glendale, AZ"
Gilbert Burns,1986-07-20,32,70,155,22.23775510204081,71.0,1.0142857142857142,Orthodox,Rio de Janeiro,BRA,"Rio de Janeiro, BRA","Rio de Janeiro, RJ"
Omari Akhmedov,1987-10-12,31,72,185,25.087770061728396,73.0,1.0138888888888888,Orthodox,Makhachkala,RUS,"Makhachkala, RUS","Makhachkala, RUS"
Josh Barnett,1977-11-10,41,75,250,31.24444444444445,78.0,1.04,Orthodox,Fullerton,CA,"Fullerton, CA","Fullerton, CA"
Zak Cummings,1984-08-02,34,72,185,25.087770061728396,75.0,1.0416666666666667,Southpaw,Kansas City,MO,"Kansas City, MO","Kansas City, MO"
Dan Hardy,1982-05-17,36,72,170,23.053626543209877,74.0,1.0277777777777777,Orthodox,Nottingham,GBR,"Nottingham, GBR","Nottingham, GBR"
John Hathaway,1987-07-23,31,73,170,22.426346406455245,75.5,1.0342465753424657,Orthodox,Brighton,GBR,"Brighton, GBR","Brighton, GBR"
Nikita Krylov,1992-03-07,26,75,205,25.620444444444445,77.5,1.0333333333333334,Orthodox,Donetsk,UKR,"Donetsk, UKR","Donetsk, UKR"
Sara McMann,1980-09-24,38,66,135,21.787190082644628,66.0,1.0,Orthodox,Sacramento,CA,"Sacramento, CA","Sacramento, CA"
Daniel Omielanczuk,1982-08-31,36,72,247,33.495563271604944,74.0,1.0277777777777777,Southpaw,Warsaw,POL,"Warsaw, POL","Warsaw, POL"
Raquel Pennington,1988-09-05,30,67,135,21.14167966139452,67.5,1.007462686567164,Orthodox,Colorado Springs,CO,"Colorado Springs, CO","Colorado Springs, CO"
Luke Rockhold,1984-10-17,34,75,185,23.12088888888889,77.0,1.0266666666666666,Southpaw,Santa Cruz,CA,"Santa Cruz, CA","Santa Cruz, CA"
Keita Nakamura,1984-05-22,34,71,170,23.70759769886927,73.0,1.028169014084507,Southpaw,Tokyo,JPN,"Tokyo, JPN","Tokyo, JPN"
Anthony Smith,1988-07-26,30,76,205,24.95065789473684,76.0,1.0,Orthodox,Omaha,NE,"Omaha, NE","Omaha, NE"
Ray Borg,1993-08-04,25,64,125,21.453857421875,63.0,0.984375,Orthodox,Albuquerque,NM,"Albuquerque, NM","Albuquerque, NM"
Chad Laprise,1986-07-23,32,70,170,24.38979591836735,71.0,1.0142857142857142,Orthodox,Chatham,ON,"Chatham, ON","Chatham, ON"
Elias Theodorou,1988-05-31,30,73,185,24.405141677613067,75.5,1.0342465753424657,Orthodox,Toronto,ON,"Toronto, ON","Toronto, ON"
Sean Strickland,1991-02-27,27,73,170,22.426346406455245,76.0,1.0410958904109588,Orthodox,Corona,CA,"Corona, CA","Corona, CA"
Warlley Alves,1991-01-04,27,71,170,23.70759769886927,72.0,1.0140845070422535,Orthodox,Rio de Janeiro,BRA,"Rio de Janeiro, BRA","Rio de Janeiro, RJ"
Henry Cejudo,1987-02-09,31,64,125,21.453857421875,64.0,1.0,Orthodox,Phoenix,AZ,"Phoenix, AZ","Phoenix, AZ"
Colby Covington,1988-02-22,30,71,170,23.70759769886927,72.0,1.0140845070422535,Orthodox,Fort Lauderdale,FL,"Fort Lauderdale, FL","Fort Lauderdale, FL"
Leon Edwards,1991-08-25,27,72,170,23.053626543209877,74.0,1.0277777777777777,Southpaw,Birmingham,GBR,"Birmingham, GBR","Birmingham, GBR"
Marlon Vera,1992-12-02,26,68,135,20.524437716262977,70.5,1.036764705882353,Switch,Chone,ECU,"Chone, ECU","Chone, ECU"
Joanne Calderwood,1985-12-23,33,66,125,20.17332415059688,65.5,0.9924242424242424,--,Glasgow,GBR,"Glasgow, GBR","Glasgow, GBR"
Randa Markos,1985-08-10,33,64,115,19.737548828125,63.5,0.9921875,Orthodox,Windsor,ON,"Windsor, ON","Windsor, ON"
Tecia Torres,1989-08-16,29,61,115,21.726686374630475,60.5,0.9918032786885246,Orthodox,Colorado Springs,CO,"Colorado Springs, CO","Colorado Springs, CO"
Stevie Ray,1990-03-25,28,70,155,22.23775510204081,70.0,1.0,Southpaw,Fife,GBR,"Fife, GBR","Fife, GBR"
Kamaru Usman,1987-05-11,31,72,170,23.053626543209877,76.0,1.0555555555555556,Switch,Dallas,TX,"Dallas, TX","Dallas, TX"
Vicente Luque,1991-11-27,27,71,170,23.70759769886927,75.5,1.0633802816901408,Orthodox,Brasilia,BRA,"Brasilia, BRA","Brasilia, DF"
Alexis Davis,1984-10-04,34,66,125,20.17332415059688,68.0,1.0303030303030305,Orthodox,Port Colborne,ON,"Port Colborne, ON","Port Colborne, ON"
Germaine de Randamie,1984-04-24,34,69,135,19.93383742911153,71.0,1.0289855072463767,Orthodox,Utrecht,NLD,"Utrecht, NLD","Utrecht, NLD"
Russell Doane,1986-08-13,32,67,135,21.14167966139452,70.5,1.0522388059701493,Orthodox,Honolulu,HI,"Honolulu, HI","Honolulu, HI"
Rony Jason,1984-03-21,34,67,145,22.707730006683008,70.0,1.044776119402985,Orthodox,Quixada,BRA,"Quixada, BRA","Quixada, CE"
Joe Proctor,1985-08-10,33,70,155,22.23775510204081,72.0,1.0285714285714285,Orthodox,Pembroke,MA,"Pembroke, MA","Pembroke, MA"
Justin Scoggins,1992-05-02,26,67,125,19.575629316106035,66.0,0.9850746268656716,Southpaw,Spartanburg,SC,"Spartanburg, SC","Spartanburg, SC"
Jon Tuck,1984-08-28,34,71,155,21.61575084308669,73.0,1.028169014084507,Orthodox,Hagatna,GUM,"Hagatna, GUM","Hagatna, GUM"
Eddie Alvarez,1984-01-11,34,69,155,22.88699852972065,69.0,1.0,Orthodox,Philadelphia,PA,"Philadelphia, PA","Philadelphia, PA"
Reza Madadi,1978-06-20,40,71,155,21.61575084308669,72.5,1.0211267605633805,Orthodox,Stockholm,SWE,"Stockholm, SWE","Stockholm, SWE"
Alex White,1988-10-22,30,72,155,21.01948302469136,71.5,0.9930555555555556,Southpaw,Farmington,MO,"Farmington, MO","Farmington, MO"
Chas Skelly,1985-05-11,33,71,145,20.221186272564967,72.5,1.0211267605633805,Orthodox,Arlington,TX,"Arlington, TX","Arlington, TX"
Nick Hein,1984-04-24,34,66,155,25.014921946740127,66.5,1.0075757575757576,Southpaw,Cologne,DEU,"Cologne, DEU","Cologne, DEU"
Brian Ortega,1991-02-21,27,68,145,22.044766435986162,69.0,1.0147058823529411,Switch,Los Angeles,CA,"Los Angeles, CA","Los Angeles, CA"
Claudia Gadelha,1988-12-07,30,64,115,19.737548828125,63.5,0.9921875,Orthodox,Rio de Janeiro,BRA,"Rio de Janeiro, BRA","Rio de Janeiro, RJ"
Rob Font,1987-06-25,31,68,135,20.524437716262977,71.5,1.0514705882352942,Orthodox,Woburn,MA,"Woburn, MA","Woburn, MA"
Holly Holm,1981-10-17,37,68,145,22.044766435986162,69.0,1.0147058823529411,Southpaw,Albuquerque,NM,"Albuquerque, NM","Albuquerque, NM"
Frankie Saenz,1980-08-12,38,66,135,21.787190082644628,66.0,1.0,Orthodox,Scottsdale,AZ,"Scottsdale, AZ","Scottsdale, AZ"
Alejandro Perez,1989-09-02,29,66,135,21.787190082644628,67.0,1.0151515151515151,Orthodox,Toluca de Lerdo,MEX,"Toluca de Lerdo, MEX","Toluca de Lerdo, MEX"
Yair Rodriguez,1992-10-06,26,71,145,20.221186272564967,71.0,1.0,--,Parral,MEX,"Parral, MEX","Parral, MEX"
Jared Cannonier,1984-03-16,34,71,185,25.799444554651853,77.5,1.091549295774648,Switch,Glendale,AZ,"Glendale, AZ","Glendale, AZ"
Renato Moicano,1989-05-21,29,71,145,20.221186272564967,72.0,1.0140845070422535,Orthodox,Brasilia,BRA,"Brasilia, BRA","Brasilia, DF"
Marion Reneau,1977-06-20,41,66,135,21.787190082644628,68.0,1.0303030303030305,Orthodox,Visalia,CA,"Visalia, CA","Visalia, CA"
Francis Ngannou,1986-09-05,32,76,250,30.427631578947373,83.0,1.0921052631578947,Orthodox,Batie,CMR,"Batie, CMR","Batie, CMR"
Jason Knight,1992-07-14,26,70,145,20.803061224489795,71.0,1.0142857142857142,Orthodox,D'Iberville,MS,"D'Iberville, MS","D'Iberville, MS"
Belal Muhammad,1988-07-09,30,71,170,23.70759769886927,72.0,1.0140845070422535,Orthodox,Chicago,IL,"Chicago, IL","Chicago, IL"
Mike Perry,1991-09-15,27,70,170,24.38979591836735,71.0,1.0142857142857142,Orthodox,Orlando,FL,"Orlando, FL","Orlando, FL"
Siyar Bahadurzada,1984-04-17,34,71,170,23.70759769886927,73.0,1.028169014084507,Orthodox,Amsterdam,NLD,"Amsterdam, NLD","Amsterdam, NLD"
Bethe Correia,1983-06-22,35,65,135,22.46272189349112,64.0,0.9846153846153848,Orthodox,Campina Grande,BRA,"Campina Grande, BRA","Campina Grande, PB"
Hacran Dias,1984-06-16,34,68,155,23.565095155709344,69.0,1.0147058823529411,Orthodox,Rio de Janeiro,BRA,"Rio de Janeiro, BRA","Rio de Janeiro, RJ"
Mitch Gagnon,1984-10-10,34,65,135,22.46272189349112,65.5,1.0076923076923077,Southpaw,Sudbury,ON,"Sudbury, ON","Sudbury, ON"
Chan Sung Jung,1987-03-17,31,67,145,22.707730006683008,72.0,1.0746268656716418,Orthodox,Seoul,KOR,"Seoul, KOR","Seoul, KOR"
Hyun Gyu Lim,1985-01-16,33,75,170,21.246222222222226,77.0,1.0266666666666666,Orthodox,Seoul,KOR,"Seoul, KOR","Seoul, KOR"
Jordan Mein,1989-10-10,29,72,170,23.053626543209877,73.0,1.0138888888888888,Orthodox,Lethbridge,AB,"Lethbridge, AB","Lethbridge, AB"
Alan Patrick,1983-07-19,35,71,155,21.61575084308669,74.0,1.0422535211267605,Southpaw,Rio de Janeiro,BRA,"Rio de Janeiro, BRA","Rio de Janeiro, RJ"
Ronda Rousey,1987-02-01,31,67,135,21.14167966139452,68.0,1.0149253731343284,Orthodox,Venice,CA,"Venice, CA","Venice, CA"
Leonardo Santos,1980-02-05,38,72,155,21.01948302469136,75.0,1.0416666666666667,Orthodox,Campos dos Goytacazes,BRA,"Campos dos Goytacazes, BRA","Campos dos Goytacazes, RJ"
Bradley Scott,1989-06-24,29,73,170,22.426346406455245,76.0,1.0410958904109588,--,Melksham,GBR,"Melksham, GBR","Melksham, GBR"
George Sullivan,1981-03-13,37,72,170,23.053626543209877,73.5,1.0208333333333333,Orthodox,Belmar,NJ,"Belmar, NJ","Belmar, NJ"
Marcos Rogerio de Lima,1985-06-25,33,73,205,27.043535372490147,75.0,1.0273972602739727,Orthodox,Sao Paulo,BRA,"Sao Paulo, BRA","Sao Paulo, SP"
Neil Seery,1979-08-30,39,64,125,21.453857421875,64.5,1.0078125,Orthodox,Dublin,IRL,"Dublin, IRL","Dublin, IRL"
Vitor Miranda,1979-03-10,39,73,185,24.405141677613067,77.0,1.0547945205479452,Orthodox,Rio de Janeiro,BRA,"Rio de Janeiro, BRA","Rio de Janeiro, RJ"
Joe Soto,1987-03-22,31,66,135,21.787190082644628,65.0,0.9848484848484848,Orthodox,Porterville,CA,"Porterville, CA","Porterville, CA"
Paige VanZant,1994-03-26,24,64,115,19.737548828125,65.0,1.015625,Orthodox,Reno,NV,"Reno, NV","Reno, NV"
Thomas Almeida,1991-07-31,27,67,135,21.14167966139452,70.0,1.044776119402985,Southpaw,Sao Paulo,BRA,"Sao Paulo, BRA","Sao Paulo, SP"
Ashlee Evans-Smith,1987-07-09,31,68,125,19.004108996539788,67.0,0.9852941176470588,Orthodox,Santa Ana,CA,"Santa Ana, CA","Santa Ana, CA"
Carla Esparza,1987-10-10,31,61,115,21.726686374630475,63.0,1.0327868852459017,--,Irvine,CA,"Irvine, CA","Irvine, CA"
Felice Herrig,1984-09-18,34,64,115,19.737548828125,65.0,1.015625,Orthodox,Crystal Lake,IL,"Crystal Lake, IL","Crystal Lake, IL"
Angela Hill,1985-01-12,33,63,115,20.369110607205844,64.5,1.0238095238095235,Orthodox,Clinton,MD,"Clinton, MD","Clinton, MD"
Rose Namajunas,1992-06-29,26,65,115,19.13491124260355,65.0,1.0,Orthodox,Denver,CO,"Denver, CO","Denver, CO"
Bec Rawlings,1989-02-11,29,66,125,20.17332415059688,64.0,0.9696969696969696,Orthodox,Brisbane,AUS,"Brisbane, AUS","Brisbane, QLD"
Cody Garbrandt,1991-07-07,27,68,135,20.524437716262977,65.5,0.9632352941176472,Orthodox,Sacramento,CA,"Sacramento, CA","Sacramento, CA"
Elizeu Zaleski dos Santos,1986-12-11,32,71,170,23.70759769886927,73.0,1.028169014084507,Orthodox,Francisco Beltrao,BRA,"Francisco Beltrao, BRA","Francisco Beltrao, PR"
Scott Holtzman,1983-09-30,35,69,155,22.88699852972065,69.0,1.0,Orthodox,Knoxville,TN,"Knoxville, TN","Knoxville, TN"
Jimmie Rivera,1989-06-29,29,64,135,23.170166015625,68.5,1.0703125,Orthodox,Ramsey,NJ,"Ramsey, NJ","Ramsey, NJ"
Sage Northcutt,1996-03-01,22,72,170,23.053626543209877,71.5,0.9930555555555556,Orthodox,Katy,TX,"Katy, TX","Katy, TX"
Teruto Ishihara,1991-07-23,27,67,135,21.14167966139452,69.0,1.0298507462686568,Southpaw,Osaka,JPN,"Osaka, JPN","Osaka, JPN"
Karolina Kowalkiewicz,1985-10-15,33,63,115,20.369110607205844,64.0,1.0158730158730158,Orthodox,Lodz,POL,"Lodz, POL","Lodz, POL"
Randy Brown,1990-07-08,28,75,170,21.246222222222226,78.0,1.04,Orthodox,Spanish Town,JAM,"Spanish Town, JAM","Spanish Town, JAM"
Curtis Blaydes,1991-02-18,27,76,265,32.25328947368421,80.0,1.0526315789473684,Orthodox,Chicago,IL,"Chicago, IL","Chicago, IL"
Jack Hermansson,1988-06-10,30,73,185,24.405141677613067,77.5,1.0616438356164384,Orthodox,Uddevalla,SWE,"Uddevalla, SWE","Uddevalla, SWE"
Niko Price,1989-09-29,29,72,170,23.053626543209877,76.0,1.0555555555555556,Orthodox,Cape Coral,FL,"Cape Coral, FL","Cape Coral, FL"
Ryan Benoit,1989-08-25,29,65,125,20.798816568047336,68.5,1.053846153846154,Orthodox,Dallas,TX,"Dallas, TX","Dallas, TX"
Magnus Cedenblad,1982-04-10,36,77,185,21.935402260077588,79.0,1.025974025974026,Orthodox,Stockholm,SWE,"Stockholm, SWE","Stockholm, SWE"
Mitch Clarke,1985-11-24,33,70,155,22.23775510204081,73.0,1.042857142857143,Orthodox,Edmonton,AB,"Edmonton, AB","Edmonton, AB"
Johnny Eduardo,1978-08-03,40,67,135,21.14167966139452,71.0,1.0597014925373134,Orthodox,Rio de Janeiro,BRA,"Rio de Janeiro, BRA","Rio de Janeiro, RJ"
Jimy Hettes,1987-06-09,31,69,145,21.41041797941609,71.0,1.0289855072463767,Southpaw,Swoyersville,PA,"Swoyersville, PA","Swoyersville, PA"
Kyung Ho Kang,1987-09-09,31,69,135,19.93383742911153,72.0,1.0434782608695652,Orthodox,Busan,KOR,"Busan, KOR","Busan, KOR"
Rashid Magomedov,1984-11-29,34,69,155,22.88699852972065,70.5,1.0217391304347827,Orthodox,Makhachkala,RUS,"Makhachkala, RUS","Makhachkala, RUS"
Adriano Martins,1982-12-16,36,70,155,22.23775510204081,72.0,1.0285714285714285,Southpaw,Manaus,COL,"Manaus, COL","Manaus, BRA"
Ian McCall,1984-05-07,34,65,125,20.798816568047336,64.0,0.9846153846153848,Orthodox,Irvine,CA,"Irvine, CA","Irvine, CA"
Gilbert Melendez,1982-04-12,36,69,145,21.41041797941609,73.0,1.0579710144927537,Orthodox,Santa Ana,CA,"Santa Ana, CA","Santa Ana, CA"
Cat Zingano,1982-07-01,36,66,145,23.401056014692372,68.0,1.0303030303030305,Southpaw,Denver,CO,"Denver, CO","Denver, CO"
Mizuto Hirota,1981-05-05,37,67,155,24.27378035197148,67.5,1.007462686567164,Orthodox,Tokyo,JPN,"Tokyo, JPN","Tokyo, JPN"
Leslie Smith,1982-08-17,36,69,135,19.93383742911153,66.0,0.9565217391304348,Orthodox,Pleasant Hill,CA,"Pleasant Hill, CA","Pleasant Hill, CA"
Kajan Johnson,1984-04-21,34,71,155,21.61575084308669,75.5,1.0633802816901408,Orthodox,Vancouver,BC,"Vancouver, BC","Vancouver, BC"
Jason Saggo,1985-11-23,33,71,155,21.61575084308669,71.0,1.0,Orthodox,Charlottetown,PE,"Charlottetown, PE","Charlottetown, PE"
Dhiego Lima,1989-01-31,29,74,170,21.824324324324326,74.5,1.0067567567567568,Orthodox,Atlanta,GA,"Atlanta, GA","Atlanta, GA"
Juliana Lima,1982-03-15,36,65,115,19.13491124260355,65.5,1.0076923076923077,Orthodox,Belo Horizonte,BRA,"Belo Horizonte, BRA","Belo Horizonte, MG"
Lauren Murphy,1983-07-27,35,67,125,19.575629316106035,67.0,1.0,Orthodox,Glendale,AZ,"Glendale, AZ","Glendale, AZ"
Henry Briones,1980-10-22,38,68,135,20.524437716262977,69.0,1.0147058823529411,--,Tijuana,MEX,"Tijuana, MEX","Tijuana, MEX"
Gabriel Benitez,1988-06-15,30,68,145,22.044766435986162,71.0,1.0441176470588236,Southpaw,Tijuana,MEX,"Tijuana, MEX","Tijuana, MEX"
Jake Collier,1988-10-25,30,75,205,25.620444444444445,78.5,1.0466666666666666,Orthodox,Cuba,MO,"Cuba, MO","Cuba, MO"
Islam Makhachev,1991-10-27,27,70,155,22.23775510204081,70.5,1.0071428571428571,Orthodox,Makhachkala,RUS,"Makhachkala, RUS","Makhachkala, RUS"
Damian Stasiak,1990-02-20,28,65,135,22.46272189349112,70.0,1.0769230769230769,Orthodox,Lodz,POL,"Lodz, POL","Lodz, POL"
Ben Nguyen,1988-08-03,30,65,125,20.798816568047336,65.0,1.0,Switch,Brisbane,AUS,"Brisbane, AUS","Brisbane, QLD"
Darren Till,1992-12-24,26,72,170,23.053626543209877,74.5,1.0347222222222223,Southpaw,Liverpool,GBR,"Liverpool, GBR","Liverpool, GBR"
Misha Cirkunov,1987-02-27,31,75,205,25.620444444444445,77.0,1.0266666666666666,Orthodox,Toronto,ON,"Toronto, ON","Toronto, ON"
Joaquim Silva,1989-02-05,29,68,155,23.565095155709344,69.0,1.0147058823529411,--,Curitiba,BRA,"Curitiba, BRA","Curitiba, PR"
Danny Roberts,1987-07-14,31,73,170,22.426346406455245,74.0,1.0136986301369864,Southpaw,Liverpool,GBR,"Liverpool, GBR","Liverpool, GBR"
Enrique Barzola,1989-04-28,29,67,145,22.707730006683008,70.0,1.044776119402985,--,Lima,PER,"Lima, PER","Lima, PER"
Artem Lobov,1986-08-11,32,69,145,21.41041797941609,65.0,0.9420289855072465,Southpaw,Nizhny,RUS,"Nizhny, RUS","Nizhny, RUS"
Valentina Shevchenko,1988-03-07,30,65,125,20.798816568047336,67.0,1.0307692307692309,Southpaw,Bishkek,KGZ,"Bishkek, KGZ","Bishkek, KGZ"
Alex Morono,1990-08-16,28,71,170,23.70759769886927,72.0,1.0140845070422535,Orthodox,Houston,TX,"Houston, TX","Houston, TX"
Marcin Tybura,1985-11-09,33,75,249,31.11946666666667,78.0,1.04,Orthodox,Uniejow,POL,"Uniejow, POL","Uniejow, POL"
Josh Emmett,1985-03-04,33,66,145,23.401056014692372,70.0,1.0606060606060606,Orthodox,Sacramento,CA,"Sacramento, CA","Sacramento, CA"
Chase Sherman,1989-11-16,29,76,250,30.427631578947373,78.0,1.0263157894736843,Orthodox,D'Iberville,MS,"D'Iberville, MS","D'Iberville, MS"
Max Griffin,1985-11-29,33,71,170,23.70759769886927,76.0,1.0704225352112675,Orthodox,Sacramento,CA,"Sacramento, CA","Sacramento, CA"
Zak Ottow,1986-12-22,32,71,170,23.70759769886927,72.0,1.0140845070422535,Orthodox,Milwaukee,WI,"Milwaukee, WI","Milwaukee, WI"
Darren Stewart,1990-12-30,27,72,185,25.087770061728396,74.0,1.0277777777777777,Orthodox,London,GBR,"London, GBR","London, GBR"
Dominick Cruz,1985-03-09,33,68,135,20.524437716262977,68.0,1.0,Orthodox,San Diego,CA,"San Diego, CA","San Diego, CA"
Todd Duffee,1985-12-06,33,75,260,32.49422222222222,79.0,1.0533333333333332,Orthodox,Boca Raton,FL,"Boca Raton, FL","Boca Raton, FL"
Kiichi Kunimoto,1981-05-01,37,70,170,24.38979591836735,71.5,1.0214285714285714,Orthodox,Osaka,JPN,"Osaka, JPN","Osaka, JPN"
Nico Musoke,1986-04-05,32,72,170,23.053626543209877,75.0,1.0416666666666667,Orthodox,Stockholm,SWE,"Stockholm, SWE","Stockholm, SWE"
Vinc Pichel,1982-11-23,36,70,155,22.23775510204081,72.0,1.0285714285714285,Orthodox,Simi Valley,CA,"Simi Valley, CA","Simi Valley, CA"
Tarec Saffiedine,1986-09-06,32,70,170,24.38979591836735,70.0,1.0,Switch,Brussels,BEL,"Brussels, BEL","Brussels, BEL"
Douglas Silva de Andrade,1985-06-22,33,67,135,21.14167966139452,68.0,1.0149253731343284,Orthodox,Castanhal,BRA,"Castanhal, BRA","Castanhal, PA"
Zubaira Tukhugov,1991-01-15,27,68,145,22.044766435986162,68.0,1.0,Orthodox,Grozny,RUS,"Grozny, RUS","Grozny, RUS"
Chris Gruetzemacher,1986-06-16,32,68,155,23.565095155709344,68.0,1.0,Orthodox,New Bern,NC,"New Bern, NC","New Bern, NC"
Luke Sanders,1985-12-12,33,66,135,21.787190082644628,67.0,1.0151515151515151,Southpaw,Nashville,TN,"Nashville, TN","Nashville, TN"
Dominique Steele,1988-01-27,30,70,170,24.38979591836735,74.0,1.0571428571428572,Orthodox,Cincinnati,OH,"Cincinnati, OH","Cincinnati, OH"
Michelle Waterson,1986-01-06,32,63,115,20.369110607205844,62.0,0.984126984126984,Orthodox,Albuquerque,NM,"Albuquerque, NM","Albuquerque, NM"
Alexander Yakovlev,1984-07-18,34,75,170,21.246222222222226,74.0,0.9866666666666668,Southpaw,Veliky Novgorod,RUS,"Veliky Novgorod, RUS","Veliky Novgorod, RUS"
Ruslan Magomedov,1986-11-26,32,75,242,30.24462222222223,78.0,1.04,Orthodox,Makhachkala,RUS,"Makhachkala, RUS","Makhachkala, RUS"
Johnny Case,1989-06-28,29,70,155,22.23775510204081,72.5,1.0357142857142858,Orthodox,Jefferson,IA,"Jefferson, IA","Jefferson, IA"
Sarah Moras,1988-04-30,30,67,135,21.14167966139452,67.0,1.0,--,Sechelt,BC,"Sechelt, BC","Sechelt, BC"
Mirsad Bektic,1991-02-16,27,68,145,22.044766435986162,70.0,1.0294117647058822,Orthodox,Montreal,PQ,"Montreal, PQ","Montreal, PQ"
Nina Ansaroff,1985-12-03,33,65,115,19.13491124260355,64.0,0.9846153846153848,Orthodox,Weston,FL,"Weston, FL","Weston, FL"
Marco Beltran,1986-05-18,32,68,125,19.004108996539788,69.5,1.0220588235294117,Orthodox,Mexico City,BRA,"Mexico City, BRA","Mexico City, DF"
Jessica Penne,1983-01-30,35,65,115,19.13491124260355,67.0,1.0307692307692309,--,Huntington Beach,CA,"Huntington Beach, CA","Huntington Beach, CA"
Sultan Aliev,1984-09-17,34,71,170,23.70759769886927,74.5,1.0492957746478873,Orthodox,Derbent,RUS,"Derbent, RUS","Derbent, RUS"
Maryna Moroz,1991-09-08,27,67,115,18.009578970817554,67.0,1.0,Orthodox,Volnogorsk,UKR,"Volnogorsk, UKR","Volnogorsk, UKR"
Tom Breese,1991-09-26,27,75,185,23.12088888888889,73.5,0.98,Southpaw,Birmingham,GBR,"Birmingham, GBR","Birmingham, GBR"
Arnold Allen,1994-01-22,24,68,145,22.044766435986162,70.0,1.0294117647058822,Southpaw,Trimley St. Martin,GBR,"Trimley St. Martin, GBR","Trimley St. Martin, GBR"
Andrew Holbrook,1986-02-06,32,71,155,21.61575084308669,70.0,0.9859154929577464,Southpaw,Indianapolis,IN,"Indianapolis, IN","Indianapolis, IN"
David Teymur,1989-05-01,29,69,155,22.88699852972065,73.0,1.0579710144927537,Southpaw,Stockholm,SWE,"Stockholm, SWE","Stockholm, SWE"
Kyle Bochniak,1987-02-05,31,67,145,22.707730006683008,70.0,1.044776119402985,Orthodox,Boston,MA,"Boston, MA","Boston, MA"
Mickey Gall,1992-01-22,26,74,170,21.824324324324326,74.0,1.0,Switch,Green Brook,NJ,"Green Brook, NJ","Green Brook, NJ"
Bojan Velickovic,1988-12-18,30,72,170,23.053626543209877,76.0,1.0555555555555556,Southpaw,Novi Sad,SRB,"Novi Sad, SRB","Novi Sad, SRB"
Alessio Di Chirico,1989-12-12,29,72,185,25.087770061728396,74.0,1.0277777777777777,Orthodox,Rome,ITA,"Rome, ITA","Rome, ITA"
Thibault Gouti,1987-02-27,31,70,155,22.23775510204081,72.5,1.0357142857142858,Orthodox,Toulouse,FRA,"Toulouse, FRA","Toulouse, FRA"
Damien Brown,1984-12-25,34,70,155,22.23775510204081,68.5,0.9785714285714284,Orthodox,Brisbane,AUS,"Brisbane, AUS","Brisbane, QLD"
Ion Cutelaba,1993-12-14,25,73,205,27.043535372490147,75.0,1.0273972602739727,Southpaw,Chisinau,MDA,"Chisinau, MDA","Chisinau, MDA"
Devin Clark,1990-04-12,28,72,205,27.79996141975309,75.0,1.0416666666666667,Orthodox,Sioux Falls,SD,"Sioux Falls, SD","Sioux Falls, SD"
Matthew Lopez,1987-01-21,31,67,135,21.14167966139452,69.0,1.0298507462686568,Southpaw,Denver,CO,"Denver, CO","Denver, CO"
Eric Spicely,1986-09-29,32,73,185,24.405141677613067,73.0,1.0,Orthodox,Olneyville,RI,"Olneyville, RI","Olneyville, RI"
Katlyn Chookagian,1988-12-28,29,69,125,18.457256878806973,68.0,0.9855072463768116,Orthodox,Kenilworth,NJ,"Kenilworth, NJ","Kenilworth, NJ"
Amanda Cooper,1991-10-22,27,63,115,20.369110607205844,64.0,1.0158730158730158,Switch,Bath,MI,"Bath, MI","Bath, MI"
Jeremy Kennedy,1992-09-16,26,71,145,20.221186272564967,71.0,1.0,Orthodox,Surrey,BC,"Surrey, BC","Surrey, BC"
Lina Lansberg,1982-03-13,36,67,135,21.14167966139452,65.5,0.9776119402985076,Orthodox,Malmo,SWE,"Malmo, SWE","Malmo, SWE"
Alexa Grasso,1993-08-09,25,65,115,19.13491124260355,66.0,1.015384615384615,Orthodox,Guadalajara,MEX,"Guadalajara, MEX","Guadalajara, MEX"
Albert Morales,1991-05-25,27,69,135,19.93383742911153,72.0,1.0434782608695652,Orthodox,Reseda,CA,"Reseda, CA","Reseda, CA"
Rick Glenn,1989-04-12,29,72,145,19.663387345679013,70.5,0.9791666666666666,Southpaw,Sacramento,CA,"Sacramento, CA","Sacramento, CA"
Marc Diakiese,1993-03-16,25,70,155,22.23775510204081,73.0,1.042857142857143,Orthodox,,,--,"--, COD"
Mark Godbeer,1983-11-22,35,76,240,29.210526315789476,77.5,1.0197368421052628,Orthodox,Bridgwater,GBR,"Bridgwater, GBR","Bridgwater, GBR"
Tyson Pedro,1991-09-17,27,75,205,25.620444444444445,79.0,1.0533333333333332,Orthodox,Sydney,AUS,"Sydney, AUS","Sydney, NSW"
Gerald Meerschaert,1987-12-18,31,73,185,24.405141677613067,77.5,1.0616438356164384,Southpaw,Milwaukee,WI,"Milwaukee, WI","Milwaukee, WI"
Volkan Oezdemir,1989-09-19,29,74,205,26.317567567567572,75.0,1.0135135135135136,Orthodox,Fribourg,CHE,"Fribourg, CHE","Fribourg, CHE"
Cynthia Calvillo,1987-07-13,31,64,115,19.737548828125,64.0,1.0,Orthodox,Sacramento,CA,"Sacramento, CA","Sacramento, CA"
Brian Kelleher,1986-08-19,32,66,135,21.787190082644628,66.0,1.0,Switch,Selden,NY,"Selden, NY","Selden, NY"
Eryk Anders,1987-04-21,31,73,185,24.405141677613067,75.0,1.0273972602739727,Southpaw,Birmingham,AL,"Birmingham, AL","Birmingham, AL"
Tae Hyun Bang,1983-04-15,35,69,155,22.88699852972065,71.0,1.0289855072463767,Switch,Seoul,KOR,"Seoul, KOR","Seoul, KOR"
Claudio Silva,1982-09-06,36,71,170,23.70759769886927,71.0,1.0,Southpaw,Rondonopolis,BRA,"Rondonopolis, BRA","Rondonopolis, MT"
Antonio Braga Neto,1987-10-29,31,75,185,23.12088888888889,77.0,1.0266666666666666,Orthodox,Rio de Janeiro,BRA,"Rio de Janeiro, BRA","Rio de Janeiro, RJ"
Julianna Pena,1989-08-19,29,66,135,21.787190082644628,69.0,1.0454545454545454,--,Spokane,WA,"Spokane, WA","Spokane, WA"
Norifumi Yamamoto,1977-03-15,41,64,135,23.170166015625,66.0,1.03125,Southpaw,Tokyo,JPN,"Tokyo, JPN","Tokyo, JPN"
Steve Bosse,1981-07-29,37,71,205,28.5885736956953,72.0,1.0140845070422535,Orthodox,St-Jean Sur Richelieu,PQ,"St-Jean Sur Richelieu, PQ","St-Jean Sur Richelieu, PQ"
Patrick Williams,1981-09-07,37,68,135,20.524437716262977,73.0,1.0735294117647058,Orthodox,Homestead,FL,"Homestead, FL","Homestead, FL"
Shinsho Anzai,1985-12-01,33,67,170,26.622855869904214,70.5,1.0522388059701493,Orthodox,Tokyo,JPN,"Tokyo, JPN","Tokyo, JPN"
Joby Sanchez,1991-06-24,27,66,135,21.787190082644628,68.0,1.0303030303030305,Orthodox,Albuquerque,NM,"Albuquerque, NM","Albuquerque, NM"
Charles Rosa,1986-08-24,32,69,145,21.41041797941609,69.0,1.0,Switch,Peabody,MA,"Peabody, MA","Peabody, MA"
Christos Giagos,1990-01-23,28,70,155,22.23775510204081,71.5,1.0214285714285714,Orthodox,Hawthorne,CA,"Hawthorne, CA","Hawthorne, CA"
Guido Cannetti,1979-12-19,39,66,135,21.787190082644628,68.0,1.0303030303030305,Southpaw,San Antonio de Padua,ARG,"San Antonio de Padua, ARG","San Antonio de Padua, ARG"
Jose Quinonez,1990-07-28,28,68,135,20.524437716262977,69.0,1.0147058823529411,--,Tlaltenango,MEX,"Tlaltenango, MEX","Tlaltenango, MEX"
Alex Chambers,1978-10-25,40,63,115,20.369110607205844,63.0,1.0,--,Sydney,AUS,"Sydney, AUS","Sydney, NSW"
Makwan Amirkhani,1988-11-08,30,70,145,20.803061224489795,72.0,1.0285714285714285,Southpaw,Turku,FIN,"Turku, FIN","Turku, FIN"
Jessica Aguilar,1982-05-08,36,63,115,20.369110607205844,63.0,1.0,Orthodox,Coconut Creek,FL,"Coconut Creek, FL","Coconut Creek, FL"
Justine Kish,1988-04-13,30,65,125,20.798816568047336,64.0,0.9846153846153848,Orthodox,Cramerton,NC,"Cramerton, NC","Cramerton, NC"
Alvaro Herrera,1990-05-14,28,72,155,21.01948302469136,74.0,1.0277777777777777,--,Guadalajara,MEX,"Guadalajara, MEX","Guadalajara, MEX"
Dong Hyun Kim,1981-11-17,37,74,170,21.824324324324326,76.0,1.027027027027027,Southpaw,Busan,KOR,"Busan, KOR","Busan, KOR"
Cyril Asker,1985-12-24,33,72,247,33.495563271604944,74.0,1.0277777777777777,Orthodox,Avignon,FRA,"Avignon, FRA","Avignon, FRA"
Luan Chagas,1993-06-17,25,72,170,23.053626543209877,75.0,1.0416666666666667,Orthodox,Curitiba,BRA,"Curitiba, BRA","Curitiba, PR"
Jordan Rinaldi,1987-09-25,31,70,145,20.803061224489795,72.0,1.0285714285714285,Orthodox,Charlotte,NC,"Charlotte, NC","Charlotte, NC"
Marvin Vettori,1993-09-20,25,72,185,25.087770061728396,74.0,1.0277777777777777,Southpaw,Mezzocorona,ITA,"Mezzocorona, ITA","Mezzocorona, ITA"
Justin Ledet,1988-09-28,30,76,205,24.95065789473684,80.0,1.0526315789473684,Orthodox,Rosharon,TX,"Rosharon, TX","Rosharon, TX"
Andrew Sanchez,1988-04-08,30,73,185,24.405141677613067,74.0,1.0136986301369864,Orthodox,Fairfield,NJ,"Fairfield, NJ","Fairfield, NJ"
Tatiana Suarez,1990-12-19,28,65,115,19.13491124260355,67.0,1.0307692307692309,--,Rancho Cucamonga,CA,"Rancho Cucamonga, CA","Rancho Cucamonga, CA"
Hector Sandoval,1986-07-19,32,62,125,22.86030176899063,64.0,1.032258064516129,Orthodox,Sacramento,CA,"Sacramento, CA","Sacramento, CA"
Danielle Taylor,1989-10-25,29,60,115,22.456944444444442,60.0,1.0,Orthodox,Van Nuys,CA,"Van Nuys, CA","Van Nuys, CA"
Gregor Gillespie,1986-11-13,32,69,155,22.88699852972065,71.0,1.0289855072463767,Orthodox,Long Island,NY,"Long Island, NY","Long Island, NY"
Brandon Moreno,1993-12-07,25,67,125,19.575629316106035,70.0,1.044776119402985,Orthodox,Tijuana,MEX,"Tijuana, MEX","Tijuana, MEX"
Alexander Volkov,1988-10-24,30,79,250,28.160551193718952,80.0,1.0126582278481011,Orthodox,Moscow,RUS,"Moscow, RUS","Moscow, RUS"
Jack Marshman,1989-12-19,29,72,185,25.087770061728396,73.0,1.0138888888888888,Orthodox,Abertillery,GBR,"Abertillery, GBR","Abertillery, GBR"
Paul Craig,1987-11-27,31,75,205,25.620444444444445,76.0,1.0133333333333334,Orthodox,Coatbridge,GBR,"Coatbridge, GBR","Coatbridge, GBR"
Brett Johns,1992-02-21,26,67,135,21.14167966139452,71.0,1.0597014925373134,Orthodox,Swansea,GBR,"Swansea, GBR","Swansea, GBR"
Abdul Razak Alhassan,1985-08-11,33,70,170,24.38979591836735,73.0,1.042857142857143,Orthodox,Fort Worth,TX,"Fort Worth, TX","Fort Worth, TX"
Shane Burgos,1991-03-19,27,71,145,20.221186272564967,75.5,1.0633802816901408,Orthodox,Monroe,NY,"Monroe, NY","Monroe, NY"
Drakkar Klose,1988-03-09,30,69,155,22.88699852972065,70.0,1.0144927536231885,Orthodox,South Haven,MI,"South Haven, MI","South Haven, MI"
Alexandre Pantoja,1990-04-16,28,65,125,20.798816568047336,67.5,1.0384615384615383,Orthodox,Arraial Do Cabo,BRA,"Arraial Do Cabo, BRA","Arraial Do Cabo, RJ"
Eric Shelton,1991-02-02,27,66,125,20.17332415059688,68.0,1.0303030303030305,Orthodox,Davenport,IA,"Davenport, IA","Davenport, IA"
Desmond Green,1989-10-11,29,70,155,22.23775510204081,73.0,1.042857142857143,Southpaw,Rochester,NY,"Rochester, NY","Rochester, NY"
Andre Soukhamthath,1988-10-23,30,69,135,19.93383742911153,70.0,1.0144927536231885,Orthodox,Woonsocket,RI,"Woonsocket, RI","Woonsocket, RI"
Lucie Pudilova,1994-06-13,24,68,135,20.524437716262977,67.5,0.9926470588235294,Orthodox,Pribram,CZE,"Pribram, CZE","Pribram, CZE"
Marlon Moraes,1988-04-26,30,66,135,21.787190082644628,67.0,1.0151515151515151,Orthodox,Nova Friburgo,BRA,"Nova Friburgo, BRA","Nova Friburgo, RJ"
Humberto Bandenay,1994-09-04,24,71,145,20.221186272564967,,,Southpaw,Lima,PER,"Lima, PER","Lima, PER"
Zabit Magomedsharipov,1991-03-01,27,73,145,19.128354287858887,73.0,1.0,Orthodox,Makhachkala,RUS,"Makhachkala, RUS","--, RUS"
Alex Perez,1992-03-21,26,66,125,20.17332415059688,65.5,0.9924242424242424,Orthodox,Lemoore,CA,"Lemoore, CA","Lemoore, CA"
Davey Grant,1985-12-18,33,68,135,20.524437716262977,69.0,1.0147058823529411,--,Bishop Auckland,GBR,"Bishop Auckland, GBR","Bishop Auckland, GBR"
Marcelo Guimaraes,1983-06-25,35,72,185,25.087770061728396,73.0,1.0138888888888888,Orthodox,Vitoria,BRA,"Vitoria, BRA","Vitoria, ES"
Pascal Krauss,1987-04-19,31,73,170,22.426346406455245,72.0,0.9863013698630136,Orthodox,Freiburg,DEU,"Freiburg, DEU","Freiburg, BW"
Alberto Mina,1982-05-02,36,72,170,23.053626543209877,77.5,1.0763888888888888,Orthodox,Campina Grande,BRA,"Campina Grande, BRA","Campina Grande, PB"
Roxanne Modafferi,1982-09-24,36,67,125,19.575629316106035,69.0,1.0298507462686568,--,Las Vegas,NV,"Las Vegas, NV","Las Vegas, NV"
Tiequan Zhang,1978-07-25,40,68,155,23.565095155709344,70.0,1.0294117647058822,Orthodox,Beijing,CHN,"Beijing, CHN","Beijing, CHN"
Will Brooks,1986-10-08,32,70,155,22.23775510204081,72.0,1.0285714285714285,Orthodox,Chicago,IL,"Chicago, IL","Chicago, IL"
Sheldon Westcott,1984-08-20,34,73,170,22.426346406455245,71.0,0.9726027397260274,Southpaw,St. Albert,AB,"St. Albert, AB","St. Albert, AB"
Diego Rivas,1991-11-11,27,68,145,22.044766435986162,69.0,1.0147058823529411,Orthodox,Cholchol,CHL,"Cholchol, CHL","Cholchol, CHL"
Frankie Perez,1989-05-11,29,71,155,21.61575084308669,73.0,1.028169014084507,Orthodox,Howell,NJ,"Howell, NJ","Howell, NJ"
Bartosz Fabinski,1986-04-26,32,72,170,23.053626543209877,75.0,1.0416666666666667,Orthodox,Warsaw,POL,"Warsaw, POL","Warsaw, POL"
Jonathan Wilson,1987-07-17,31,74,205,26.317567567567572,75.0,1.0135135135135136,Southpaw,San Bernardino,CA,"San Bernardino, CA","San Bernardino, CA"
Teemu Packalen,1987-05-22,31,73,155,20.447551135297424,72.0,0.9863013698630136,Orthodox,Turku,FIN,"Turku, FIN","Turku, FIN"
Chris de la Rocha,1979-05-15,39,75,250,31.24444444444445,80.3,1.0706666666666669,Orthodox,Washougal,WA,"Washougal, WA","Washougal, WA"
Matheus Nicolau,1993-01-06,25,66,125,20.17332415059688,66.0,1.0,--,Rio de Janeiro,BRA,"Rio de Janeiro, BRA","Rio de Janeiro, RJ"
Alex Nicholson,1990-05-02,28,76,185,22.516447368421048,81.0,1.0657894736842106,Orthodox,Orlando,FL,"Orlando, FL","Orlando, FL"
Augusto Mendes,1983-03-03,35,66,135,21.787190082644628,65.0,0.9848484848484848,Orthodox,Glendale,AZ,"Glendale, AZ","Glendale, AZ"
Bojan Mihajlovic,1980-03-30,38,71,205,28.5885736956953,73.0,1.028169014084507,Orthodox,Odzaci,SRB,"Odzaci, SRB","Odzaci, SRB"
Damir Hadzovic,1986-08-08,32,69,155,22.88699852972065,70.0,1.0144927536231885,Orthodox,Gorazde,BIH,"Gorazde, BIH","Gorazde, BIH"
Adam Milstead,1987-07-03,31,75,205,25.620444444444445,76.0,1.0133333333333334,Orthodox,Pittsburgh,PA,"Pittsburgh, PA","Pittsburgh, PA"
Darrell Horcher,1987-07-28,31,70,155,22.23775510204081,70.0,1.0,Southpaw,Shermans Dale,PA,"Shermans Dale, PA","Shermans Dale, PA"
Christian Colombo,1980-07-01,38,77,265,31.42098161578681,80.5,1.0454545454545454,Orthodox,Copenhagen,DNK,"Copenhagen, DNK","Copenhagen, DNK"
Ryan Janes,1981-08-22,37,75,185,23.12088888888889,76.5,1.02,Orthodox,Victoria,BC,"Victoria, BC","Victoria, BC"
Ketlen Vieira,1991-08-26,27,68,135,20.524437716262977,68.0,1.0,Orthodox,Manaus,COL,"Manaus, COL","Manaus, BRA"
Joachim Christensen,1978-11-07,40,75,205,25.620444444444445,76.0,1.0133333333333334,Orthodox,Copenhagen,DNK,"Copenhagen, DNK","Copenhagen, DNK"
Marcin Held,1992-01-18,26,69,155,22.88699852972065,71.5,1.036231884057971,Orthodox,Tychy,POL,"Tychy, POL","Tychy, POL"
Jenel Lausa,1988-08-01,30,65,125,20.798816568047336,68.5,1.053846153846154,Orthodox,Manila,PHL,"Manila, PHL","Manila, PHL"
Viviane Pereira,1993-08-28,25,61,115,21.726686374630475,63.0,1.0327868852459017,Orthodox,Fortaleza,BRA,"Fortaleza, BRA","Fortaleza, CE"
Devin Powell,1988-03-01,30,72,155,21.01948302469136,73.0,1.0138888888888888,Orthodox,South Berwick,ME,"South Berwick, ME","South Berwick, ME"
Irene Aldana,1988-03-26,30,69,135,19.93383742911153,68.5,0.9927536231884058,Orthodox,Guadalajara,MEX,"Guadalajara, MEX","Guadalajara, MEX"
Ashley Yoder,1987-10-20,31,67,115,18.009578970817554,69.5,1.037313432835821,Southpaw,Temecula,CA,"Temecula, CA","Temecula, CA"
Matt Schnell,1990-01-15,28,68,125,19.004108996539788,70.0,1.0294117647058822,Orthodox,Shreveport,LA,"Shreveport, LA","Shreveport, LA"
JJ Aldrich,1992-09-29,26,65,115,19.13491124260355,67.5,1.0384615384615383,Southpaw,Westminster,CO,"Westminster, CO","Westminster, CO"
Ricardo Ramos,1995-08-01,23,69,135,19.93383742911153,72.0,1.0434782608695652,Orthodox,Campinas,BRA,"Campinas, BRA","Campinas, SP"
Jordan Johnson,1988-11-18,30,74,205,26.317567567567572,79.0,1.0675675675675675,Orthodox,San Diego,CA,"San Diego, CA","San Diego, CA"
Jeremy Kimball,1991-01-03,27,72,205,27.79996141975309,72.0,1.0,Switch,Colorado Springs,CO,"Colorado Springs, CO","Colorado Springs, CO"
Jarred Brooks,1993-05-02,25,63,125,22.140337616528093,62.0,0.984126984126984,Switch,Warsaw,IN,"Warsaw, IN","Warsaw, IN"
Justin Willis,1987-07-19,31,73,264,34.826796772377556,78.0,1.0684931506849316,Southpaw,San Jose,CA,"San Jose, CA","San Jose, CA"
Paulo Costa,1991-04-21,27,73,185,24.405141677613067,72.0,0.9863013698630136,--,Contagem,BRA,"Contagem, BRA","Contagem, MG"
Davi Ramos,1986-11-05,32,66,155,25.014921946740127,70.0,1.0606060606060606,Orthodox,Rio de Janeiro,BRA,"Rio de Janeiro, BRA","Rio de Janeiro, RJ"
Ashkan Mokhtarian,1985-09-15,33,66,125,20.17332415059688,67.0,1.0151515151515151,Southpaw,Wentworthville,AUS,"Wentworthville, AUS","Wentworthville, NSW"
Tom Duquesnoy,1993-06-21,25,67,135,21.14167966139452,68.0,1.0149253731343284,Orthodox,Paris,FRA,"Paris, FRA","Paris, FRA"
Jared Gordon,1988-09-06,30,69,155,22.88699852972065,68.0,0.9855072463768116,Orthodox,Queens,NY,"Queens, NY","Queens, NY"
Rashad Coulter,1981-11-27,37,71,205,28.5885736956953,76.0,1.0704225352112675,Orthodox,Dallas,TX,"Dallas, TX","Dallas, TX"
Justin Gaethje,1988-11-14,30,71,155,21.61575084308669,70.0,0.9859154929577464,Orthodox,Safford,AZ,"Safford, AZ","Safford, AZ"
Junior Albini,1991-03-15,27,75,264,32.99413333333333,74.0,0.9866666666666668,Orthodox,Paranagua,BRA,"Paranagua, BRA","Paranagua, PR"
Ji Yeon Kim,1989-10-18,29,67,125,19.575629316106035,72.0,1.0746268656716418,Orthodox,Incheon,KOR,"Incheon, KOR","Incheon, KOR"
Rolando Dy,1990-08-11,28,68,145,22.044766435986162,69.5,1.0220588235294117,Orthodox,Paranaque City,PHL,"Paranaque City, PHL","Paranaque City, PHL"
Frank Camacho,1989-05-18,29,70,170,24.38979591836735,73.0,1.042857142857143,Orthodox,Saipan,MNP,"Saipan, MNP","Saipan, MNP"
Dominick Reyes,1989-12-26,29,76,205,24.95065789473684,77.0,1.013157894736842,Southpaw,Victorville,CA,"Victorville, CA","Victorville, CA"
Cody Stamann,1989-11-09,29,66,135,21.787190082644628,64.5,0.9772727272727272,Orthodox,Sparta,MI,"Sparta, MI","Sparta, MI"
Terrion Ware,1986-03-31,32,68,135,20.524437716262977,71.0,1.0441176470588236,Orthodox,Hawthorne,CA,"Hawthorne, CA","Hawthorne, CA"
Calvin Kattar,1988-03-26,30,71,145,20.221186272564967,72.0,1.0140845070422535,Orthodox,Methuen,MA,"Methuen, MA","Methuen, MA"
Julio Arce,1989-10-27,29,67,145,22.707730006683008,70.0,1.044776119402985,Southpaw,Bayside,NY,"Bayside, NY","Bayside, NY"
Alexandra Albu,1990-07-14,28,62,115,21.031477627471386,63.0,1.0161290322580645,Orthodox,Moscow,RUS,"Moscow, RUS","Moscow, RUS"
Nathan Coy,1978-07-24,40,70,170,24.38979591836735,69.5,0.9928571428571428,Southpaw,Coconut Creek,FL,"Coconut Creek, FL","Coconut Creek, FL"
Kurt Holobaugh,1986-09-08,32,71,145,20.221186272564967,73.0,1.028169014084507,Orthodox,Amite,LA,"Amite, LA","Amite, LA"
Sabah Homasi,1988-10-19,30,72,170,23.053626543209877,72.0,1.0,Orthodox,Coconut Creek,FL,"Coconut Creek, FL","Coconut Creek, FL"
Keith Berish,1985-11-14,33,72,205,27.79996141975309,73.5,1.0208333333333333,Orthodox,Kingston,NY,"Kingston, NY","Kingston, NY"
Mickael Lebout,1987-08-16,31,71,155,21.61575084308669,73.0,1.028169014084507,Orthodox,Paris,FRA,"Paris, FRA","Paris, FRA"
Magomed Mustafaev,1988-08-02,30,68,155,23.565095155709344,71.0,1.0441176470588236,Orthodox,Grozny,RUS,"Grozny, RUS","Grozny, RUS"
Ryan Hall,1985-02-22,33,70,155,22.23775510204081,71.0,1.0142857142857142,--,Falls Church,VA,"Falls Church, VA","Falls Church, VA"
Julian Erosa,1989-07-31,29,73,155,20.447551135297424,75.0,1.0273972602739727,Southpaw,Yakima,WA,"Yakima, WA","Yakima, WA"
Damian Grabowski,1980-05-12,38,73,241,31.79264402326891,75.0,1.0273972602739727,Orthodox,Opole,POL,"Opole, POL","Opole, POL"
Jessin Ayari,1992-05-31,26,72,155,21.01948302469136,73.5,1.0208333333333333,Orthodox,Nuremberg,DEU,"Nuremberg, DEU","Nuremberg, BY"
Jonathan Meunier,1987-08-04,31,75,170,21.246222222222226,75.0,1.0,Switch,Quebec City,PQ,"Quebec City, PQ","Quebec City, PQ"
Josh Stansbury,1984-11-19,34,74,205,26.317567567567572,74.0,1.0,--,East Liverpool,OH,"East Liverpool, OH","East Liverpool, OH"
Felipe Silva,1984-05-08,34,72,155,21.01948302469136,77.0,1.0694444444444444,Orthodox,Juiz de Fora,BRA,"Juiz de Fora, BRA","Juiz de Fora, MG"
Jason Gonzalez,1990-02-28,28,74,155,19.89864864864865,74.0,1.0,Southpaw,Rancho Cucamonga,CA,"Rancho Cucamonga, CA","Rancho Cucamonga, CA"
Veronica Macedo,1995-10-30,23,64,125,21.453857421875,64.0,1.0,Southpaw,Caracas,VEN,"Caracas, VEN","Caracas, VEN"
Jamie Moyle,1989-03-17,29,61,115,21.726686374630475,65.0,1.0655737704918034,Orthodox,Las Vegas,NV,"Las Vegas, NV","Las Vegas, NV"
Charlie Ward,1980-12-17,38,71,170,23.70759769886927,73.5,1.0352112676056338,Orthodox,Mountmellick,IRL,"Mountmellick, IRL","Mountmellick, IRL"
Gadzhimurad Antigulov,1987-02-09,31,71,205,28.5885736956953,70.5,0.9929577464788732,Orthodox,Makhachkala,RUS,"Makhachkala, RUS","Makhachkala, RUS"
Martin Bravo,1993-09-21,25,68,145,22.044766435986162,71.5,1.0514705882352942,Southpaw,Rosarito,MEX,"Rosarito, MEX","Rosarito, MEX"
Claudio Puelles,1996-04-21,22,71,155,21.61575084308669,72.0,1.0140845070422535,Southpaw,Lima,PER,"Lima, PER","Lima, PER"
Brian Camozzi,1991-06-24,27,74,170,21.824324324324326,78.0,1.054054054054054,Orthodox,Englewood,CO,"Englewood, CO","Englewood, CO"
Dmitry Sosnovskiy,1989-07-06,29,75,240,29.99466666666667,77.0,1.0266666666666666,Orthodox,Moscow,RUS,"Moscow, RUS","Moscow, RUS"
Marcel Fortuna,1985-10-22,33,73,205,27.043535372490147,74.0,1.0136986301369864,Orthodox,Tubarao,BRA,"Tubarao, BRA","Tubarao, SC"
Gavin Tucker,1986-06-17,32,66,145,23.401056014692372,66.0,1.0,Southpaw,Halifax,NS,"Halifax, NS","Halifax, NS"
Gina Mazany,1988-08-19,30,66,135,21.787190082644628,68.5,1.0378787878787878,Southpaw,Las Vegas,NV,"Las Vegas, NV","Las Vegas, NV"
Daniel Spitz,1990-07-31,28,79,245,27.59734016984457,82.0,1.0379746835443038,Orthodox,Spokane,WA,"Spokane, WA","Spokane, WA"
Magomed Bibulatov,1988-08-22,30,65,125,20.798816568047336,65.5,1.0076923076923077,Orthodox,Grozny,RUS,"Grozny, RUS","Grozny, RUS"
Luke Jumeau,1988-02-12,30,71,170,23.70759769886927,72.0,1.0140845070422535,Orthodox,Hamilton,NZL,"Hamilton, NZL","Hamilton, NZL"
Adam Wieczorek,1992-02-05,26,77,250,29.642435486591328,81.0,1.051948051948052,Orthodox,Chorzow,POL,"Chorzow, POL","Chorzow, POL"
Charles Byrd,1983-10-11,35,70,185,26.54183673469388,73.0,1.042857142857143,Orthodox,Dallas,TX,"Dallas, TX","Dallas, TX"
Aleksandar Rakic,1992-02-06,26,76,205,24.95065789473684,78.0,1.0263157894736843,Orthodox,Vienna,AUT,"Vienna, AUT","Vienna, AUT"
Joseph Morales,1994-08-22,24,66,125,20.17332415059688,69.0,1.0454545454545454,Switch,Sacramento,CA,"Sacramento, CA","Sacramento, CA"
Gokhan Saki,1983-10-19,35,72,205,27.79996141975309,73.0,1.0138888888888888,Orthodox,Kars,TUR,"Kars, TUR","Kars, TUR"
Syuri Kondo,1989-02-08,29,64,115,19.737548828125,66.5,1.0390625,Orthodox,Tokyo,JPN,"Tokyo, JPN","Tokyo, JPN"
Arjan Bhullar,1986-05-13,32,73,245,32.320322762244324,75.5,1.0342465753424657,Orthodox,Vancouver,BC,"Vancouver, BC","--, IND"
Daichi Abe,1991-11-27,27,71,170,23.70759769886927,71.0,1.0,Orthodox,Tokyo,JPN,"Tokyo, JPN","Tokyo, JPN"
Karl Roberson,1990-10-04,28,73,185,24.405141677613067,74.0,1.0136986301369864,Southpaw,Neptune,NJ,"Neptune, NJ","Neptune, NJ"
Ricky Simon,1992-08-31,26,66,135,21.787190082644628,69.0,1.0454545454545454,Orthodox,Vancouver,WA,"Vancouver, WA","Vancouver, WA"
Ramazan Emeev,1987-05-23,31,70,170,24.38979591836735,76.0,1.0857142857142856,Southpaw,Makhachkala,RUS,"Makhachkala, RUS","Makhachkala, RUS"
Oskar Piechota,1990-01-24,28,72,185,25.087770061728396,76.0,1.0555555555555556,Southpaw,Gdynia,POL,"Gdynia, POL","Gdynia, POL"
Mads Burnell,1994-03-06,24,68,145,22.044766435986162,69.0,1.0147058823529411,Orthodox,Copenhagen,DNK,"Copenhagen, DNK","Copenhagen, DNK"
Mike Santiago,1989-07-28,29,70,145,20.803061224489795,69.0,0.9857142857142858,Orthodox,Chicago,IL,"Chicago, IL","Chicago, IL"
Joe Ellenberger,1985-03-28,33,69,155,22.88699852972065,72.0,1.0434782608695652,Orthodox,Omaha,NE,"Omaha, NE","Omaha, NE"
Chris Holdsworth,1987-10-24,31,71,135,18.826621702043248,71.0,1.0,--,Sacramento,CA,"Sacramento, CA","Sacramento, CA"
Tonya Evinger,1981-06-04,37,67,135,21.14167966139452,70.0,1.044776119402985,Orthodox,Houston,TX,"Houston, TX","Houston, TX"
Jesse Taylor,1983-01-02,35,72,170,23.053626543209877,73.0,1.0138888888888888,Orthodox,San Diego,CA,"San Diego, CA","San Diego, CA"
Larissa Pacheco,1994-09-07,24,67,135,21.14167966139452,69.0,1.0298507462686568,Orthodox,Marituba,BRA,"Marituba, BRA","Marituba, PA"
Justin Jones,1987-09-06,31,71,185,25.799444554651853,78.5,1.1056338028169015,Orthodox,San Diego,CA,"San Diego, CA","San Diego, CA"
Daniel Jolly,1984-09-03,34,73,205,27.043535372490147,75.0,1.0273972602739727,Orthodox,Austin,TX,"Austin, TX","Austin, TX"
Abdul-Kerim Edilov,1991-11-25,27,74,205,26.317567567567572,78.0,1.054054054054054,Orthodox,Grozny,RUS,"Grozny, RUS","Grozny, RUS"
Jarjis Danho,1983-10-15,35,75,265,33.11911111111111,74.5,0.9933333333333332,Orthodox,Nuremberg,DEU,"Nuremberg, DEU","Nuremberg, BY"
Mike Jackson,1985-03-22,33,74,170,21.824324324324326,,,Orthodox,Houston,TX,"Houston, TX","Houston, TX"
Alberto Uda,1984-08-08,34,75,185,23.12088888888889,77.5,1.0333333333333334,Orthodox,Blumenau,BRA,"Blumenau, BRA","Blumenau, SC"
CM Punk,1978-10-26,40,73,170,22.426346406455245,73.0,1.0,Orthodox,Chicago,IL,"Chicago, IL","Chicago, IL"
Michael McBride,1986-03-09,32,73,155,20.447551135297424,75.0,1.0273972602739727,Orthodox,Webster City,IA,"Webster City, IA","Webster City, IA"
Kwan Ho Kwak,1989-06-18,29,65,135,22.46272189349112,70.0,1.0769230769230769,Switch,Seoul,KOR,"Seoul, KOR","Seoul, KOR"
Aiemann Zahabi,1987-11-19,31,68,135,20.524437716262977,68.5,1.0073529411764706,Orthodox,Montreal,PQ,"Montreal, PQ","Montreal, PQ"
Michel Quinones,1984-12-22,34,70,155,22.23775510204081,73.0,1.042857142857143,Orthodox,Coral Springs,FL,"Coral Springs, FL","Coral Springs, FL"
Pearl Gonzalez,1986-08-12,32,64,115,19.737548828125,68.0,1.0625,Orthodox,Chicago,IL,"Chicago, IL","Chicago, IL"
Naoki Inoue,1997-06-14,21,69,125,18.457256878806973,71.0,1.0289855072463767,Orthodox,Toyohashi,JPN,"Toyohashi, JPN","Toyohashi, JPN"
Aspen Ladd,1995-03-01,23,66,135,21.787190082644628,66.0,1.0,Orthodox,El Dorado Hills,CA,"El Dorado Hills, CA","El Dorado Hills, CA"
Oliver Enkamp,1991-08-10,27,72,170,23.053626543209877,77.0,1.0694444444444444,Switch,Stockholm,SWE,"Stockholm, SWE","Stockholm, SWE"
Trevin Giles,1992-08-06,26,72,185,25.087770061728396,74.0,1.0277777777777777,Orthodox,Houston,TX,"Houston, TX","Houston, TX"
James Bochnovic,1989-02-13,29,76,205,24.95065789473684,81.0,1.0657894736842106,Orthodox,Kenosha,WI,"Kenosha, WI","Kenosha, WI"
Danny Henry,1988-07-17,30,72,145,19.663387345679013,73.0,1.0138888888888888,Orthodox,Edinburgh,GBR,"Edinburgh, GBR","Edinburgh, GBR"
Daniel Teymur,1988-02-03,30,65,145,24.126627218934907,69.0,1.0615384615384615,Orthodox,Stockholm,SWE,"Stockholm, SWE","Stockholm, SWE"
Abu Azaitar,1986-03-10,32,69,185,27.316740180634323,76.0,1.1014492753623188,Orthodox,Rabat,MAR,"Rabat, MAR","Rabat, MAR"
Martin Day,1988-11-10,30,70,135,19.368367346938776,73.5,1.05,Orthodox,Kailua,HI,"Kailua, HI","Kailua, HI"
Rob Wilkinson,1992-02-22,26,75,185,23.12088888888889,80.0,1.0666666666666669,Orthodox,Sydney,AUS,"Sydney, AUS","Sydney, NSW"
Daniel Spohn,1984-10-12,34,76,205,24.95065789473684,79.0,1.0394736842105263,Southpaw,Columbus,OH,"Columbus, OH","Columbus, OH"
Tina Lahdemaki,1988-05-28,30,62,115,21.031477627471386,62.0,1.0,Orthodox,Hyvinkaa,FIN,"Hyvinkaa, FIN","Hyvinkaa, FIN"
Martin Buschkamp,1991-01-06,27,69,145,21.41041797941609,70.0,1.0144927536231885,Orthodox,Tuttlingen,DEU,"Tuttlingen, DEU","Tuttlingen, BW"
Cindy Dandois,1984-10-26,34,67,135,21.14167966139452,68.5,1.0223880597014925,Orthodox,Deurne,BEL,"Deurne, BEL","Deurne, BEL"
James Mulheron,1988-02-20,30,70,243,34.8630612244898,73.0,1.042857142857143,Orthodox,South Shields,GBR,"South Shields, GBR","South Shields, GBR"
Amanda Lemos,1987-05-22,31,64,135,23.170166015625,65.0,1.015625,Southpaw,Belem,BRA,"Belem, BRA","Belem, PA"
Boston Salmon,1990-11-20,28,69,135,19.93383742911153,69.0,1.0,Southpaw,Las Vegas,NV,"Las Vegas, NV","Las Vegas, NV"
Nick Roehrick,1987-07-06,31,74,205,26.317567567567572,75.5,1.0202702702702702,Orthodox,Denver,CO,"Denver, CO","Denver, CO"
Tom Gallicchio,1986-09-23,32,70,170,24.38979591836735,73.0,1.042857142857143,Southpaw,Temecula,CA,"Temecula, CA","Temecula, CA"
Jamelle Jones,1988-01-31,30,72,205,27.79996141975309,75.0,1.0416666666666667,Orthodox,Coeur d'Alene,ID,"Coeur d'Alene, ID","Coeur d'Alene, ID"
Peter Petties,1990-12-20,28,71,145,20.221186272564967,72.0,1.0140845070422535,Southpaw,Camp Springs,MD,"Camp Springs, MD","Camp Springs, MD"
Kevin Gray,1985-05-03,33,64,125,21.453857421875,67.0,1.046875,Orthodox,Omaha,NE,"Omaha, NE","Omaha, NE"
Donavon Frelow,1985-01-20,33,67,135,21.14167966139452,,,Orthodox,Las Vegas,NV,"Las Vegas, NV","Las Vegas, NV"
Everett Sims,1988-09-04,30,77,260,30.828132906054982,77.5,1.0064935064935066,Southpaw,Coconut Creek,FL,"Coconut Creek, FL","Coconut Creek, FL"
Shelton Graves,1985-10-23,33,74,255,32.736486486486484,76.0,1.027027027027027,Southpaw,Belcamp,MD,"Belcamp, MD","Belcamp, MD"
Grant Dawson,1994-02-20,24,70,145,20.803061224489795,,,Switch,Lee's Summit,MO,"Lee's Summit, MO","Lee's Summit, MO"
Adrian Diaz,1988-04-26,30,70,145,20.803061224489795,,,Southpaw,Stockton,CA,"Stockton, CA","Stockton, CA"
Karl Reed,1988-10-27,30,75,205,25.620444444444445,78.0,1.04,Orthodox,Simpsonville,SC,"Simpsonville, SC","Simpsonville, SC"
Cameron Olson,1989-11-22,29,73,205,27.043535372490147,75.0,1.0273972602739727,Orthodox,Milwaukee,WI,"Milwaukee, WI","Milwaukee, WI"
Tiffany Masters,1994-07-31,24,63,115,20.369110607205844,65.0,1.031746031746032,Orthodox,Fond du Lac,WI,"Fond du Lac, WI","Fond du Lac, WI"
Jamie Colleen,1985-11-02,33,63,115,20.369110607205844,65.0,1.031746031746032,Orthodox,Philadelphia,PA,"Philadelphia, PA","Philadelphia, PA"
Randall Wallace,1989-03-01,29,71,185,25.799444554651853,73.0,1.028169014084507,Orthodox,Oakdale,CA,"Oakdale, CA","Oakdale, CA"
